Date,Time,Temperature,Humidity,Light
01/06/20,20:22,10.5,47.2,ON
01/06/20,20:23,10.5,47.1,ON
01/06/20,20:24,10.5,47.0,ON
01/06/20,20:25,10.5,47.1,ON
01/06/20,20:26,10.5,47.0,ON
01/06/20,20:27,10.5,47.1,ON
01/06/20,20:28,10.5,47.0,ON
01/06/20,20:29,10.5,47.0,ON
01/06/20,20:30,10.5,47.0,ON
01/06/20,20:31,10.5,47.0,ON
01/06/20,20:32,10.5,47.1,ON
01/06/20,20:33,10.5,47.3,ON
01/06/20,20:34,10.5,47.0,ON
01/06/20,20:35,10.5,46.9,ON
01/06/20,20:36,10.5,46.9,ON
01/06/20,20:37,10.5,46.9,ON
01/06/20,20:38,10.5,47.0,ON
01/06/20,20:39,10.5,47.0,ON
01/06/20,20:40,10.5,47.0,ON
01/06/20,20:41,10.5,47.0,ON
01/06/20,20:42,10.5,47.0,ON
01/06/20,20:43,10.5,47.0,ON
01/06/20,20:44,10.5,47.0,ON
01/06/20,20:45,10.5,47.0,ON
01/06/20,20:46,10.5,47.1,ON
01/06/20,20:47,10.5,47.0,ON
01/06/20,20:48,10.5,47.0,ON
01/06/20,20:49,10.5,47.0,ON
01/06/20,20:50,10.5,47.0,ON
01/06/20,20:51,10.5,47.0,ON
01/06/20,20:52,10.5,47.0,ON
01/06/20,20:53,10.5,47.0,ON
01/06/20,20:54,10.5,47.0,ON
01/06/20,20:55,10.5,47.0,ON
01/06/20,20:56,10.5,47.0,ON
01/06/20,20:57,10.5,47.0,ON
01/06/20,20:58,10.5,47.0,ON
01/06/20,20:59,10.5,47.0,ON
01/06/20,21:00,10.5,47.0,ON
01/06/20,21:01,10.4,46.9,ON
01/06/20,21:02,10.5,47.0,ON
01/06/20,21:03,10.5,47.0,ON
01/06/20,21:04,10.5,47.0,ON
01/06/20,21:05,10.5,47.0,ON
01/06/20,21:06,10.5,47.0,ON
01/06/20,21:07,10.5,47.0,ON
01/06/20,21:08,10.5,47.1,ON
01/06/20,21:09,10.5,47.1,ON
01/06/20,21:10,10.5,47.1,ON
01/06/20,21:11,10.5,47.1,ON
01/06/20,21:12,10.5,47.0,ON
01/06/20,21:13,10.5,47.1,ON
01/06/20,21:14,10.5,47.1,ON
01/06/20,21:15,10.5,47.1,ON
01/06/20,21:16,10.5,47.2,ON
01/06/20,21:17,10.4,47.1,ON
01/06/20,21:18,10.5,47.2,ON
01/06/20,21:19,10.5,47.1,ON
01/06/20,21:20,10.5,47.1,ON
01/06/20,21:21,10.4,47.0,ON
01/06/20,21:22,10.5,47.0,ON
01/06/20,21:23,10.5,47.1,ON
01/06/20,21:24,10.4,47.0,ON
01/06/20,21:25,10.5,47.1,ON
01/06/20,21:26,10.5,47.2,ON
01/06/20,21:27,10.5,47.1,ON
01/06/20,21:28,10.5,47.1,ON
01/06/20,21:29,10.5,47.1,ON
01/06/20,21:30,10.5,47.1,ON
01/06/20,21:31,10.5,47.1,ON
01/06/20,21:32,10.5,47.1,ON
01/06/20,21:33,10.5,47.2,ON
01/06/20,21:34,10.5,47.0,ON
01/06/20,21:35,10.5,47.0,ON
01/06/20,21:36,10.5,47.0,ON
01/06/20,21:37,10.5,47.0,ON
01/06/20,21:38,10.5,47.1,ON
01/06/20,21:39,10.5,47.1,ON
01/06/20,21:40,10.5,47.0,ON
01/06/20,21:41,10.4,47.0,ON
01/06/20,21:42,10.5,47.0,ON
01/06/20,21:43,10.5,47.1,ON
01/06/20,21:44,10.5,47.0,ON
01/06/20,21:45,10.4,46.9,ON
01/06/20,21:46,10.4,46.9,ON
01/06/20,21:47,10.5,47.0,ON
01/06/20,21:48,10.5,47.0,ON
01/06/20,21:49,10.5,47.1,ON
01/06/20,21:50,10.5,47.1,ON
01/06/20,21:51,10.5,47.1,ON
01/06/20,21:52,10.5,47.0,ON
01/06/20,21:53,10.5,47.0,ON
01/06/20,21:54,10.5,47.0,ON
01/06/20,21:55,10.5,47.0,ON
01/06/20,21:56,10.5,47.1,ON
01/06/20,21:57,10.5,47.1,ON
01/06/20,21:58,10.5,47.0,ON
01/06/20,21:59,10.5,47.1,ON
01/06/20,22:00,10.5,47.0,ON
01/06/20,22:01,10.4,47.0,ON
01/06/20,22:02,10.5,47.1,ON
01/06/20,22:03,10.5,47.0,ON
01/06/20,22:04,10.5,47.0,ON
01/06/20,22:05,10.5,47.0,ON
01/06/20,22:06,10.5,47.0,ON
01/06/20,22:07,10.5,47.0,ON
01/06/20,22:08,10.4,47.0,ON
01/06/20,22:09,10.5,47.0,ON
01/06/20,22:10,10.5,47.0,ON
01/06/20,22:11,10.5,47.0,ON
01/06/20,22:12,10.5,47.0,ON
01/06/20,22:13,10.5,47.0,ON
01/06/20,22:14,10.5,47.0,ON
01/06/20,22:15,10.5,47.0,ON
01/06/20,22:16,10.5,47.0,ON
01/06/20,22:17,10.5,46.9,ON
01/06/20,22:18,10.5,46.9,ON
01/06/20,22:19,10.5,46.9,ON
01/06/20,22:20,10.4,46.9,ON
01/06/20,22:21,10.5,47.0,ON
01/06/20,22:22,10.5,46.9,ON
01/06/20,22:23,10.5,47.0,ON
01/06/20,22:24,10.5,47.0,ON
01/06/20,22:25,10.4,47.0,ON
01/06/20,22:26,10.5,47.0,ON
01/06/20,22:27,10.5,47.1,ON
01/06/20,22:28,10.5,47.1,ON
01/06/20,22:29,10.5,47.0,ON
01/06/20,22:30,10.5,47.0,ON
01/06/20,22:31,10.5,47.0,ON
01/06/20,22:32,10.5,47.1,ON
01/06/20,22:33,10.5,47.0,ON
01/06/20,22:34,10.5,47.0,ON
01/06/20,22:35,10.5,47.1,ON
01/06/20,22:36,10.5,47.2,ON
01/06/20,22:37,10.5,47.2,ON
01/06/20,22:38,10.5,47.1,ON
01/06/20,22:39,10.4,47.1,ON
01/06/20,22:40,10.5,47.1,ON
01/06/20,22:41,10.4,47.0,ON
01/06/20,22:42,10.5,47.2,ON
01/06/20,22:43,10.5,47.2,ON
01/06/20,22:44,10.5,47.2,ON
01/06/20,22:45,10.5,47.1,ON
01/06/20,22:46,10.5,47.2,ON
01/06/20,22:47,10.5,47.1,ON
01/06/20,22:48,10.5,47.2,ON
01/06/20,22:49,10.5,47.2,ON
01/06/20,22:50,10.5,47.2,ON
01/06/20,22:51,10.5,47.2,ON
01/06/20,22:52,10.5,47.2,ON
01/06/20,22:53,10.5,47.2,ON
01/06/20,22:54,10.5,47.2,ON
01/06/20,22:54,10.5,47.2,ON
01/06/20,22:55,10.5,47.2,ON
01/06/20,22:56,10.5,47.4,ON
01/06/20,22:57,10.5,47.8,ON
01/06/20,22:58,10.5,48.0,ON
01/06/20,22:59,10.5,47.9,ON
01/06/20,23:00,10.5,47.7,ON
01/06/20,23:01,10.6,47.8,ON
01/06/20,23:01,10.5,47.6,ON
01/06/20,23:02,10.6,47.7,ON
01/06/20,23:03,10.5,47.6,ON
01/06/20,23:04,10.5,47.6,ON
01/06/20,23:04,10.6,47.6,ON
01/06/20,23:05,10.6,47.6,ON
01/06/20,23:05,10.5,47.5,ON
01/06/20,23:06,10.5,47.7,ON
01/06/20,23:07,10.6,48.7,ON
01/06/20,23:08,10.6,48.8,ON
01/06/20,23:09,10.6,49.8,ON
01/06/20,23:10,10.7,50.1,ON
01/06/20,23:11,10.7,50.0,ON
01/06/20,23:12,10.8,50.0,ON
01/06/20,23:13,10.8,49.8,ON
01/06/20,23:14,10.9,49.8,ON
01/06/20,23:15,10.9,49.8,ON
01/06/20,23:16,10.9,49.8,ON
01/06/20,23:17,11.0,49.9,ON
01/06/20,23:18,11.0,49.9,ON
01/06/20,23:19,11.0,49.9,ON
01/06/20,23:20,11.0,50.0,ON
01/06/20,23:21,11.0,50.3,ON
01/06/20,23:22,11.0,50.2,ON
01/06/20,23:23,11.0,50.3,ON
01/06/20,23:24,11.0,50.4,ON
01/06/20,23:25,11.1,50.5,ON
01/06/20,23:26,11.1,50.5,ON
01/06/20,23:27,11.1,50.5,ON
01/06/20,23:28,11.1,50.5,ON
01/06/20,23:29,11.1,50.5,ON
01/06/20,23:30,11.1,50.5,ON
01/06/20,23:31,11.1,50.5,ON
01/06/20,23:32,11.0,50.6,ON
01/06/20,23:33,11.0,50.6,ON
01/06/20,23:34,11.1,50.5,ON
01/06/20,23:35,11.0,50.2,ON
01/06/20,23:36,11.0,50.0,ON
01/06/20,23:37,11.0,49.9,ON
01/06/20,23:38,11.0,49.8,ON
01/06/20,23:39,10.9,49.7,ON
01/06/20,23:40,10.9,49.6,ON
01/06/20,23:41,10.9,49.6,ON
01/06/20,23:42,10.9,49.5,ON
01/06/20,23:43,10.8,49.4,ON
01/06/20,23:44,10.8,49.3,ON
01/06/20,23:45,10.8,49.2,ON
01/06/20,23:46,10.8,49.1,ON
01/06/20,23:47,10.8,49.1,ON
01/06/20,23:48,10.7,48.9,ON
01/06/20,23:49,10.7,48.8,ON
01/06/20,23:50,10.7,48.8,ON
01/06/20,23:51,10.7,48.8,ON
01/06/20,23:52,10.7,48.8,ON
01/06/20,23:53,10.7,48.6,ON
01/06/20,23:54,10.7,48.6,ON
01/06/20,23:55,10.7,48.6,ON
01/06/20,23:56,10.7,48.5,ON
01/06/20,23:57,10.6,48.2,ON
01/06/20,23:58,10.6,48.2,ON
01/06/20,23:59,10.6,48.2,ON
01/07/20,00:00,10.6,48.2,ON
01/07/20,00:01,10.6,48.1,ON
01/07/20,00:02,10.6,48.1,ON
01/07/20,00:03,10.6,47.9,ON
01/07/20,00:04,10.6,48.5,ON
01/07/20,00:05,10.6,48.6,ON
01/07/20,00:06,10.6,48.4,ON
01/07/20,00:07,10.5,48.2,ON
01/07/20,00:08,10.6,47.2,ON
01/07/20,00:09,10.6,47.4,ON
01/07/20,00:10,10.6,47.1,ON
01/07/20,00:11,10.6,47.2,ON
01/07/20,00:12,10.6,48.0,ON
01/07/20,00:13,10.6,47.5,ON
01/07/20,00:14,10.6,46.8,ON
01/07/20,00:15,10.6,46.8,ON
01/07/20,00:16,10.6,47.7,ON
01/07/20,00:17,10.6,46.5,ON
01/07/20,00:18,10.6,47.7,ON
01/07/20,00:19,10.6,46.6,ON
01/07/20,00:21,10.7,46.2,ON
01/07/20,00:22,10.6,46.4,ON
01/07/20,00:23,10.7,46.6,ON
01/07/20,00:24,10.6,46.3,ON
01/07/20,00:25,10.6,46.3,ON
01/07/20,00:26,10.6,46.3,ON
01/07/20,00:27,10.6,46.2,ON
01/07/20,00:29,10.7,46.0,ON
01/07/20,00:30,10.7,46.4,ON
01/07/20,00:33,10.7,45.7,ON
01/07/20,00:37,10.8,45.5,ON
01/07/20,00:40,10.8,45.5,ON
01/07/20,00:41,10.7,46.2,ON
01/07/20,00:42,10.6,45.9,ON
01/07/20,00:44,10.6,45.7,ON
01/07/20,00:50,10.8,45.3,ON
01/07/20,00:56,10.8,45.2,ON
01/07/20,00:57,10.7,45.4,ON
01/07/20,00:58,10.7,45.4,ON
01/07/20,01:00,10.7,45.6,ON
01/07/20,01:04,10.7,45.3,ON
01/07/20,01:21,10.8,45.0,ON
01/07/20,01:24,10.6,45.8,ON
01/07/20,01:26,10.7,45.5,ON
01/07/20,01:27,10.6,45.9,ON
01/07/20,01:31,10.6,45.5,ON
01/07/20,01:34,10.6,45.5,ON
01/07/20,01:41,10.7,45.2,ON
01/07/20,01:48,10.7,45.1,ON
01/07/20,01:51,10.7,45.1,ON
01/07/20,01:55,10.7,45.0,ON
01/07/20,02:01,10.6,46.2,ON
01/07/20,02:14,10.5,45.4,ON
01/07/20,02:36,10.5,46.7,ON
01/07/20,02:44,10.4,46.6,ON
01/07/20,02:52,10.4,46.4,ON
01/07/20,03:19,10.3,46.2,ON
01/07/20,03:20,10.3,45.7,ON
01/07/20,03:22,10.3,45.1,ON
01/07/20,03:25,10.3,45.5,ON
01/07/20,03:26,10.3,45.4,ON
01/07/20,03:27,10.3,45.4,ON
01/07/20,03:28,10.3,45.7,ON
01/07/20,03:32,10.3,44.9,ON
01/07/20,03:48,10.2,45.6,ON
01/07/20,04:42,10.3,44.9,ON
01/07/20,04:43,10.2,44.5,ON
01/07/20,06:23,10.1,44.9,ON
01/07/20,08:09,10.0,43.6,ON
01/07/20,08:53,10.2,47.4,ON
01/07/20,10:00,10.4,51.5,ON
01/07/20,10:01,10.4,51.5,ON
01/07/20,10:02,10.4,51.4,ON
01/07/20,10:03,10.5,50.2,ON
01/07/20,10:04,10.5,49.8,ON
01/07/20,10:05,10.5,50.3,ON
01/07/20,10:06,10.5,48.9,ON
01/07/20,10:07,10.4,49.5,ON
01/07/20,10:08,10.4,49.3,ON
01/07/20,10:09,10.4,48.1,ON
01/07/20,10:09,10.4,48.6,ON
01/07/20,10:10,10.4,47.8,OFF
01/07/20,10:10,10.4,48.9,ON
01/07/20,10:11,10.4,49.1,ON
01/07/20,10:12,10.5,52.2,ON
01/07/20,10:13,10.5,52.4,ON
01/07/20,10:14,10.6,53.4,ON
01/07/20,10:15,11.0,53.6,ON
01/07/20,10:16,11.0,53.9,ON
01/07/20,10:16,11.1,53.7,ON
01/07/20,10:16,11.2,53.6,ON
01/07/20,10:17,11.2,53.6,OFF
01/07/20,10:17,11.3,53.6,ON
01/07/20,10:20,11.6,53.9,ON
01/07/20,10:21,11.7,54.9,OFF
01/07/20,10:22,11.7,53.9,ON
01/07/20,10:23,12.0,53.6,OFF
01/07/20,10:24,12.0,54.2,ON
01/07/20,10:25,12.3,52.6,ON
01/07/20,10:26,12.4,52.0,ON
01/07/20,10:27,12.4,52.1,OFF
01/07/20,10:28,12.6,51.3,OFF
01/07/20,10:29,12.8,51.0,ON
01/07/20,10:30,12.9,51.5,ON
01/07/20,10:31,12.9,49.8,OFF
01/07/20,10:32,12.9,50.0,ON
01/07/20,10:33,12.9,50.0,OFF
01/07/20,10:34,12.8,49.0,ON
01/07/20,10:36,12.6,48.5,OFF
01/07/20,10:37,12.6,48.7,OFF
01/07/20,10:38,12.5,48.7,OFF
01/07/20,10:39,12.4,48.6,ON
01/07/20,10:40,12.2,48.4,ON
01/07/20,10:40,12.2,48.2,ON
01/07/20,10:42,12.1,48.5,ON
01/07/20,10:42,12.1,47.9,ON
01/07/20,10:43,12.0,48.7,ON
01/07/20,10:44,12.0,50.0,ON
01/07/20,10:45,12.0,50.0,ON
01/07/20,10:47,12.3,49.5,ON
01/07/20,10:48,12.2,49.3,ON
01/07/20,10:50,12.1,49.5,ON
01/07/20,10:51,12.0,48.5,ON
01/07/20,10:54,11.8,48.6,ON
01/07/20,10:55,11.7,48.0,ON
01/07/20,10:56,11.6,48.7,ON
01/07/20,10:57,11.5,47.5,ON
01/07/20,10:58,11.5,47.6,ON
01/07/20,11:00,11.4,47.3,ON
01/07/20,11:01,11.3,47.7,ON
01/07/20,11:04,11.3,46.2,ON
01/07/20,11:07,11.3,45.9,ON
01/07/20,11:09,11.2,45.8,ON
01/07/20,11:09,11.2,46.8,ON
01/07/20,11:11,11.1,46.6,ON
01/07/20,11:13,11.1,45.6,ON
01/07/20,11:15,11.1,45.6,ON
01/07/20,11:17,11.0,44.9,ON
01/07/20,11:19,11.0,44.9,ON
01/07/20,11:21,11.0,44.8,ON
01/07/20,11:23,10.9,44.8,ON
01/07/20,11:23,10.9,44.9,ON
01/07/20,11:27,10.9,44.5,ON
01/07/20,11:33,11.0,44.3,ON
01/07/20,11:37,10.8,43.8,ON
01/07/20,11:40,10.9,43.6,ON
01/07/20,11:46,10.8,43.3,ON
01/07/20,11:55,10.7,43.3,ON
01/07/20,11:59,10.8,43.2,ON
01/07/20,12:07,10.7,42.9,ON
01/07/20,12:12,10.7,42.7,ON
01/07/20,12:14,10.7,43.7,ON
01/07/20,12:17,10.6,42.9,ON
01/07/20,12:36,10.6,42.8,ON
01/07/20,12:47,10.5,43.6,ON
01/07/20,12:55,10.6,43.1,ON
01/07/20,13:16,10.6,43.1,ON
01/07/20,13:40,10.7,43.9,ON
01/07/20,13:43,10.7,44.1,ON
01/07/20,13:51,10.7,43.1,ON
01/07/20,14:04,10.7,44.1,ON
01/07/20,14:27,10.7,43.6,ON
01/07/20,14:57,10.7,43.6,ON
01/07/20,15:33,10.8,43.8,ON
01/07/20,15:46,10.8,44.0,ON
01/07/20,15:48,10.8,43.5,ON
01/07/20,16:09,10.8,44.3,ON
01/07/20,16:41,10.8,43.8,ON
01/07/20,17:50,10.7,44.9,ON
01/07/20,17:51,10.8,47.4,ON
01/07/20,17:52,10.7,47.6,ON
01/07/20,17:53,10.8,48.4,ON
01/07/20,17:54,10.9,49.0,ON
01/07/20,17:55,10.8,47.4,ON
01/07/20,17:56,10.9,47.9,ON
01/07/20,17:57,10.8,47.9,ON
01/07/20,17:58,10.9,47.6,ON
01/07/20,17:59,10.9,47.5,ON
01/07/20,18:00,10.9,48.3,ON
01/07/20,18:01,10.9,47.1,ON
01/07/20,18:02,10.8,47.0,ON
01/07/20,18:03,10.9,47.0,ON
01/07/20,18:04,10.9,47.1,ON
01/07/20,18:04,10.9,47.1,ON
01/07/20,18:05,10.9,47.1,ON
01/07/20,18:05,10.9,46.9,ON
01/07/20,18:06,10.9,47.3,ON
01/07/20,18:07,10.9,47.4,ON
01/07/20,18:09,10.9,47.1,ON
01/07/20,18:10,10.9,48.1,ON
01/07/20,18:11,10.9,46.9,ON
01/07/20,18:12,10.9,46.9,ON
01/07/20,18:13,10.9,47.4,OFF
01/07/20,18:14,11.0,56.0,ON
01/07/20,18:15,11.4,61.2,ON
01/07/20,18:16,11.7,61.8,ON
01/07/20,18:18,12.0,61.9,ON
01/07/20,18:19,12.1,62.2,ON
01/07/20,18:21,12.5,61.6,ON
01/07/20,18:22,12.5,62.8,ON
01/07/20,18:24,12.8,60.8,ON
01/07/20,18:24,12.8,60.8,ON
01/07/20,18:25,12.7,60.9,ON
01/07/20,18:26,12.8,61.2,ON
01/07/20,18:27,12.9,60.4,ON
01/07/20,18:27,12.9,60.4,ON
01/07/20,18:29,12.9,60.4,ON
01/07/20,18:29,12.9,60.1,ON
01/07/20,18:30,12.9,60.6,ON
01/07/20,18:30,13.0,61.1,ON
01/07/20,18:31,12.9,60.2,ON
01/07/20,18:32,13.0,59.7,ON
01/07/20,18:32,13.0,59.5,ON
01/07/20,18:33,13.0,59.7,ON
01/07/20,18:34,13.0,60.5,ON
01/07/20,18:36,13.1,59.2,ON
01/07/20,18:37,13.1,59.8,ON
01/07/20,18:38,13.2,58.6,ON
01/07/20,18:40,13.3,58.3,ON
01/07/20,18:40,13.2,58.3,ON
01/07/20,18:41,13.2,58.8,ON
01/07/20,18:42,13.2,58.6,ON
01/07/20,18:43,13.2,59.6,ON
01/07/20,18:44,13.3,58.3,ON
01/07/20,18:44,13.3,58.6,ON
01/07/20,18:45,13.2,58.6,ON
01/07/20,18:45,13.2,59.0,ON
01/07/20,18:46,13.2,58.7,ON
01/07/20,18:47,13.3,58.4,ON
01/07/20,18:47,13.3,58.3,ON
01/07/20,18:48,13.2,58.4,ON
01/07/20,18:49,13.3,58.9,ON
01/07/20,18:50,13.3,58.2,ON
01/07/20,18:53,13.3,58.5,ON
01/07/20,18:54,13.3,57.9,ON
01/07/20,18:55,13.2,58.1,ON
01/07/20,18:58,13.4,58.3,ON
01/07/20,19:01,13.4,57.3,ON
01/07/20,19:05,13.5,57.1,ON
01/07/20,19:06,13.5,57.5,OFF
01/07/20,19:07,13.5,57.9,OFF
01/07/20,19:08,13.4,57.9,OFF
01/07/20,19:09,13.4,57.8,OFF
01/07/20,19:10,13.3,57.6,OFF
01/07/20,19:11,13.2,57.4,OFF
01/07/20,19:12,13.0,57.1,OFF
01/07/20,19:13,12.9,56.9,OFF
01/07/20,19:14,12.8,56.7,OFF
01/07/20,19:15,12.7,56.5,OFF
01/07/20,19:16,12.7,56.5,OFF
01/07/20,19:17,12.6,56.3,OFF
01/07/20,19:18,12.5,56.1,OFF
01/07/20,19:19,12.4,55.9,OFF
01/07/20,19:20,12.4,55.8,OFF
01/07/20,19:21,12.3,55.6,OFF
01/07/20,19:22,12.3,55.4,OFF
01/07/20,19:23,12.2,55.1,OFF
01/07/20,19:24,12.1,55.0,OFF
01/07/20,19:25,12.2,54.9,OFF
01/07/20,19:26,12.1,54.7,OFF
01/07/20,19:27,12.1,54.6,OFF
01/07/20,19:28,12.0,54.4,OFF
01/07/20,19:29,12.0,54.3,OFF
01/07/20,19:30,12.0,54.2,OFF
01/07/20,19:31,12.0,54.1,OFF
01/07/20,19:32,11.9,53.9,OFF
01/07/20,19:33,11.9,53.8,OFF
01/07/20,19:34,11.9,53.7,OFF
01/07/20,19:35,11.9,53.5,OFF
01/07/20,19:36,11.8,53.4,OFF
01/07/20,19:37,11.8,53.2,OFF
01/07/20,19:38,11.8,53.0,OFF
01/07/20,19:39,11.8,52.9,OFF
01/07/20,19:40,11.8,52.9,OFF
01/07/20,19:41,11.8,52.8,OFF
01/07/20,19:42,11.8,52.8,OFF
01/07/20,19:43,11.7,52.6,OFF
01/07/20,19:44,11.7,52.5,OFF
01/07/20,19:45,11.7,52.4,OFF
01/07/20,19:46,11.7,52.2,OFF
01/07/20,19:47,11.7,52.1,OFF
01/07/20,19:48,11.7,52.1,OFF
01/07/20,19:49,11.6,51.9,OFF
01/07/20,19:50,11.6,51.8,OFF
01/07/20,19:51,11.6,51.7,OFF
01/07/20,19:52,11.6,51.7,OFF
01/07/20,19:53,11.6,51.6,OFF
01/07/20,19:54,11.6,51.5,OFF
01/07/20,19:55,11.6,51.4,OFF
01/07/20,19:56,11.6,51.2,OFF
01/07/20,19:57,11.6,51.2,OFF
01/07/20,19:58,11.6,51.1,OFF
01/07/20,19:59,11.6,51.1,OFF
01/07/20,20:00,11.5,51.0,OFF
01/07/20,20:01,11.5,50.9,OFF
01/07/20,20:02,11.5,50.9,OFF
01/07/20,20:03,11.5,50.8,OFF
01/07/20,20:04,11.5,50.8,OFF
01/07/20,20:05,11.5,50.8,OFF
01/07/20,20:06,11.5,50.7,OFF
01/07/20,20:07,11.5,50.6,OFF
01/07/20,20:08,11.5,50.5,OFF
01/07/20,20:09,11.5,50.5,OFF
01/07/20,20:10,11.5,50.5,OFF
01/07/20,20:11,11.5,50.4,OFF
01/07/20,20:12,11.4,50.2,OFF
01/07/20,20:13,11.5,50.2,OFF
01/07/20,20:14,11.5,50.2,OFF
01/07/20,20:15,11.5,50.2,OFF
01/07/20,20:16,11.4,50.1,OFF
01/07/20,20:17,11.4,50.1,OFF
01/07/20,20:18,11.4,50.0,OFF
01/07/20,20:19,11.4,50.1,OFF
01/07/20,20:20,11.4,50.1,OFF
01/07/20,20:21,11.4,50.0,OFF
01/07/20,20:22,11.4,50.0,OFF
01/07/20,20:23,11.4,50.0,OFF
01/07/20,20:24,11.4,49.9,OFF
01/07/20,20:25,11.4,49.9,OFF
01/07/20,20:26,11.4,49.9,OFF
01/07/20,20:27,11.4,49.9,OFF
01/07/20,20:28,11.4,49.9,OFF
01/07/20,20:29,11.4,49.9,OFF
01/07/20,20:30,11.4,49.9,OFF
01/07/20,20:31,11.4,49.8,OFF
01/07/20,20:32,11.4,49.8,OFF
01/07/20,20:33,11.3,49.7,OFF
01/07/20,20:34,11.4,49.7,OFF
01/07/20,20:35,11.4,49.7,OFF
01/07/20,20:36,11.4,49.7,OFF
01/07/20,20:37,11.4,49.6,OFF
01/07/20,20:38,11.4,49.6,OFF
01/07/20,20:39,11.4,49.5,OFF
01/07/20,20:40,11.3,49.5,OFF
01/07/20,20:41,11.4,49.5,OFF
01/07/20,20:42,11.3,49.5,OFF
01/07/20,20:43,11.3,49.5,OFF
01/07/20,20:44,11.3,49.4,OFF
01/07/20,20:45,11.3,49.4,OFF
01/07/20,20:46,11.3,49.3,OFF
01/07/20,20:47,11.3,49.3,OFF
01/07/20,20:48,11.3,49.3,OFF
01/07/20,20:49,11.3,49.2,OFF
01/07/20,20:50,11.3,49.2,OFF
01/07/20,20:51,11.3,49.1,OFF
01/07/20,20:52,11.3,49.0,OFF
01/07/20,20:53,11.3,49.0,OFF
01/07/20,20:54,11.3,49.0,OFF
01/07/20,20:55,11.3,49.0,OFF
01/07/20,20:56,11.2,48.8,OFF
01/07/20,20:57,11.3,49.0,OFF
01/07/20,20:58,11.2,48.9,OFF
01/07/20,20:59,11.2,48.8,OFF
01/07/20,21:00,11.3,48.9,OFF
01/07/20,21:01,11.2,48.8,OFF
01/07/20,21:02,11.3,48.8,OFF
01/07/20,21:03,11.2,48.8,OFF
01/07/20,21:04,11.2,48.7,OFF
01/07/20,21:05,11.2,48.8,OFF
01/07/20,21:06,11.2,48.7,OFF
01/07/20,21:07,11.2,48.7,OFF
01/07/20,21:08,11.2,48.7,OFF
01/07/20,21:09,11.2,48.6,OFF
01/07/20,21:10,11.2,48.5,OFF
01/07/20,21:11,11.2,48.5,OFF
01/07/20,21:12,11.2,48.5,OFF
01/07/20,21:13,11.2,48.5,OFF
01/07/20,21:14,11.2,48.5,OFF
01/07/20,21:15,11.2,48.5,OFF
01/07/20,21:16,11.2,48.4,OFF
01/07/20,21:17,11.2,48.4,OFF
01/07/20,21:18,11.2,48.4,OFF
01/07/20,21:19,11.2,48.4,OFF
01/07/20,21:20,11.1,48.3,OFF
01/07/20,21:21,11.2,48.4,OFF
01/07/20,21:22,11.2,48.5,OFF
01/07/20,21:23,11.2,48.5,OFF
01/07/20,21:24,11.2,48.4,OFF
01/07/20,21:25,11.2,48.4,OFF
01/07/20,21:26,11.2,48.4,OFF
01/07/20,21:27,11.1,48.4,OFF
01/07/20,21:28,11.2,48.4,OFF
01/07/20,21:29,11.2,48.4,OFF
01/07/20,21:30,11.2,48.4,OFF
01/07/20,21:31,11.1,48.3,OFF
01/07/20,21:32,11.1,48.3,OFF
01/07/20,21:33,11.2,48.4,OFF
01/07/20,21:34,11.2,48.4,OFF
01/07/20,21:35,11.2,48.3,OFF
01/07/20,21:36,11.2,48.2,OFF
01/07/20,21:37,11.1,48.2,OFF
01/07/20,21:38,11.1,48.2,OFF
01/07/20,21:39,11.2,48.2,OFF
01/07/20,21:40,11.2,48.2,OFF
01/07/20,21:41,11.1,48.2,OFF
01/07/20,21:42,11.2,48.2,OFF
01/07/20,21:43,11.1,48.2,OFF
01/07/20,21:44,11.2,48.2,OFF
01/07/20,21:45,11.2,48.2,OFF
01/07/20,21:46,11.1,48.1,OFF
01/07/20,21:47,11.2,48.2,OFF
01/07/20,21:48,11.1,48.1,OFF
01/07/20,21:49,11.1,48.1,OFF
01/07/20,21:50,11.1,48.1,OFF
01/07/20,21:51,11.1,48.1,OFF
01/07/20,21:52,11.1,48.2,OFF
01/07/20,21:53,11.1,48.1,OFF
01/07/20,21:54,11.1,48.1,OFF
01/07/20,21:55,11.2,48.2,OFF
01/07/20,21:56,11.1,48.1,OFF
01/07/20,21:57,11.1,48.1,OFF
01/07/20,21:58,11.1,48.1,OFF
01/07/20,21:59,11.2,48.2,OFF
01/07/20,22:00,11.1,48.1,OFF
01/07/20,22:01,11.1,48.1,OFF
01/07/20,22:02,11.1,48.1,OFF
01/07/20,22:03,11.1,48.1,OFF
01/07/20,22:04,11.1,48.1,OFF
01/07/20,22:05,11.1,48.1,OFF
01/07/20,22:06,11.1,48.1,OFF
01/07/20,22:07,11.1,48.1,OFF
01/07/20,22:08,11.1,48.1,OFF
01/07/20,22:09,11.1,48.0,OFF
01/07/20,22:10,11.1,48.0,OFF
01/07/20,22:11,11.1,48.1,OFF
01/07/20,22:12,11.1,48.0,OFF
01/07/20,22:13,11.1,48.1,OFF
01/07/20,22:14,11.1,48.1,OFF
01/07/20,22:15,11.1,48.1,OFF
01/07/20,22:16,11.1,48.1,OFF
01/07/20,22:17,11.1,48.1,OFF
01/07/20,22:18,11.1,48.1,OFF
01/07/20,22:19,11.1,48.1,OFF
01/07/20,22:20,11.1,48.0,OFF
01/07/20,22:21,11.1,48.1,OFF
01/07/20,22:22,11.1,48.0,OFF
01/07/20,22:23,11.1,48.0,OFF
01/07/20,22:24,11.1,48.0,OFF
01/07/20,22:25,11.1,48.0,OFF
01/07/20,22:26,11.1,48.0,OFF
01/07/20,22:27,11.1,48.0,OFF
01/07/20,22:28,11.1,48.0,OFF
01/07/20,22:29,11.1,48.1,OFF
01/07/20,22:30,11.1,48.1,OFF
01/07/20,22:31,11.1,48.0,OFF
01/07/20,22:32,11.1,48.1,OFF
01/07/20,22:33,11.1,48.0,OFF
01/07/20,22:34,11.1,48.0,OFF
01/07/20,22:35,11.1,48.0,OFF
01/07/20,22:36,11.1,48.1,OFF
01/07/20,22:37,11.1,48.1,OFF
01/07/20,22:38,11.1,48.1,OFF
01/07/20,22:39,11.1,48.0,OFF
01/07/20,22:40,11.1,48.0,OFF
01/07/20,22:41,11.1,48.0,OFF
01/07/20,22:42,11.1,48.6,OFF
01/07/20,22:43,11.1,48.6,OFF
01/07/20,22:44,11.1,49.7,OFF
01/07/20,22:45,11.2,50.2,OFF
01/07/20,22:46,11.2,50.0,OFF
01/07/20,22:47,11.2,49.7,OFF
01/07/20,22:48,11.2,49.5,OFF
01/07/20,22:49,11.2,49.4,OFF
01/07/20,22:50,11.2,49.3,OFF
01/07/20,22:51,11.2,49.3,OFF
01/07/20,22:52,11.2,49.2,OFF
01/07/20,22:53,11.2,49.2,OFF
01/07/20,22:54,11.2,49.1,OFF
01/07/20,22:55,11.2,49.1,OFF
01/07/20,22:56,11.2,49.1,OFF
01/07/20,22:57,11.2,49.0,OFF
01/07/20,22:58,11.2,49.0,OFF
01/07/20,22:59,11.1,48.9,OFF
01/07/20,23:00,11.1,48.9,OFF
01/07/20,23:01,11.2,48.9,OFF
01/07/20,23:02,11.2,48.9,OFF
01/07/20,23:03,11.1,48.8,OFF
01/07/20,23:04,11.2,48.8,OFF
01/07/20,23:05,11.1,48.7,OFF
01/07/20,23:06,11.2,48.8,OFF
01/07/20,23:07,11.2,48.8,OFF
01/07/20,23:08,11.2,48.7,OFF
01/07/20,23:09,11.1,48.7,OFF
01/07/20,23:09,11.1,48.6,OFF
01/07/20,23:10,11.1,48.6,OFF
01/07/20,23:11,11.1,48.6,OFF
01/07/20,23:11,11.1,48.5,OFF
01/07/20,23:12,11.1,48.5,OFF
01/07/20,23:13,11.2,48.6,OFF
01/07/20,23:13,11.1,48.5,OFF
01/07/20,23:14,11.1,48.5,OFF
01/07/20,23:15,11.1,48.6,OFF
01/07/20,23:16,11.1,48.7,OFF
01/07/20,23:17,11.1,48.7,OFF
01/07/20,23:18,11.1,48.7,OFF
01/07/20,23:19,11.1,48.7,OFF
01/07/20,23:20,11.1,48.5,OFF
01/07/20,23:21,11.1,48.5,OFF
01/07/20,23:22,11.1,48.5,OFF
01/07/20,23:23,11.1,48.5,OFF
01/07/20,23:24,11.1,48.5,OFF
01/07/20,23:25,11.1,48.5,OFF
01/07/20,23:26,11.1,48.4,OFF
01/07/20,23:27,11.1,48.4,OFF
01/07/20,23:28,11.1,48.4,OFF
01/07/20,23:29,11.1,48.5,OFF
01/07/20,23:30,11.1,48.5,OFF
01/07/20,23:31,11.1,48.5,OFF
01/07/20,23:32,11.1,48.4,OFF
01/07/20,23:33,11.1,48.5,OFF
01/07/20,23:34,11.1,48.5,OFF
01/07/20,23:35,11.1,48.5,OFF
01/07/20,23:36,11.1,48.5,OFF
01/07/20,23:37,11.1,48.5,OFF
01/07/20,23:38,11.1,48.5,OFF
01/07/20,23:39,11.1,48.6,OFF
01/07/20,23:40,11.2,48.7,OFF
01/07/20,23:41,11.1,48.6,OFF
01/07/20,23:42,11.1,48.5,OFF
01/07/20,23:43,11.1,48.3,OFF
01/07/20,23:44,11.1,48.5,OFF
01/07/20,23:45,11.2,48.5,OFF
01/07/20,23:46,11.2,48.6,OFF
01/07/20,23:47,11.2,48.5,OFF
01/07/20,23:48,11.1,48.5,OFF
01/07/20,23:49,11.1,48.5,OFF
01/07/20,23:50,11.2,48.5,OFF
01/07/20,23:51,11.1,48.5,OFF
01/07/20,23:52,11.1,48.4,OFF
01/07/20,23:53,11.1,48.5,OFF
01/07/20,23:54,11.1,48.5,OFF
01/07/20,23:55,11.1,48.5,OFF
01/07/20,23:56,11.1,48.5,OFF
01/07/20,23:57,11.1,48.5,OFF
01/07/20,23:58,11.1,48.5,OFF
01/07/20,23:59,11.1,48.5,OFF
01/08/20,00:00,11.1,48.5,OFF
01/08/20,00:01,11.1,48.4,ON
01/08/20,00:06,11.1,48.2,OFF
01/08/20,00:07,11.2,53.6,ON
01/08/20,00:08,11.3,54.1,ON
01/08/20,00:09,11.4,54.2,ON
01/08/20,00:10,11.5,54.0,ON
01/08/20,00:11,11.5,53.0,ON
01/08/20,00:12,11.5,53.6,ON
01/08/20,00:13,11.4,52.0,ON
01/08/20,00:14,11.4,52.8,ON
01/08/20,00:15,11.4,51.6,ON
01/08/20,00:16,11.4,51.3,ON
01/08/20,00:17,11.4,51.5,ON
01/08/20,00:18,11.4,51.7,ON
01/08/20,00:19,11.4,51.2,ON
01/08/20,00:20,11.3,50.9,ON
01/08/20,00:21,11.4,51.7,ON
01/08/20,00:22,11.4,52.8,ON
01/08/20,00:23,11.5,54.7,ON
01/08/20,00:24,11.6,56.4,ON
01/08/20,00:25,11.8,56.4,ON
01/08/20,00:26,11.9,56.2,ON
01/08/20,00:27,11.9,55.4,ON
01/08/20,00:28,11.9,56.1,ON
01/08/20,00:29,11.9,54.6,ON
01/08/20,00:30,11.9,54.3,ON
01/08/20,00:31,11.9,54.6,ON
01/08/20,00:33,11.9,53.2,ON
01/08/20,00:34,11.8,54.4,ON
01/08/20,00:35,11.7,53.2,ON
01/08/20,00:37,11.7,52.5,ON
01/08/20,00:38,11.7,52.9,ON
01/08/20,00:40,11.7,52.0,ON
01/08/20,00:41,11.7,52.0,ON
01/08/20,00:42,11.6,52.0,ON
01/08/20,00:43,11.6,51.9,ON
01/08/20,00:44,11.5,51.7,ON
01/08/20,00:47,11.6,51.0,ON
01/08/20,00:48,11.6,51.1,ON
01/08/20,00:51,11.6,50.6,ON
01/08/20,00:57,11.6,49.8,ON
01/08/20,00:58,11.5,50.0,ON
01/08/20,00:59,11.5,50.9,ON
01/08/20,01:00,11.4,50.2,ON
01/08/20,01:01,11.4,50.3,ON
01/08/20,01:06,11.6,49.3,ON
01/08/20,01:07,11.5,49.5,ON
01/08/20,01:09,11.4,49.4,ON
01/08/20,01:11,11.4,49.3,ON
01/08/20,01:13,11.4,49.3,ON
01/08/20,01:14,11.4,49.4,ON
01/08/20,01:25,11.4,49.4,ON
01/08/20,01:27,11.4,49.3,ON
01/08/20,01:28,11.4,49.2,ON
01/08/20,01:32,11.4,48.6,ON
01/08/20,01:35,11.4,48.7,ON
01/08/20,01:37,11.3,49.9,ON
01/08/20,01:39,11.3,48.7,ON
01/08/20,01:45,11.3,48.4,ON
01/08/20,01:46,11.3,49.9,ON
01/08/20,01:52,11.3,48.2,ON
01/08/20,01:56,11.3,48.6,ON
01/08/20,02:00,11.3,48.4,ON
01/08/20,02:08,11.3,48.3,ON
01/08/20,02:16,11.3,48.6,ON
01/08/20,02:26,11.2,48.5,ON
01/08/20,02:31,11.2,49.3,ON
01/08/20,02:32,11.2,49.6,ON
01/08/20,03:04,11.0,49.7,ON
01/08/20,03:10,11.1,50.1,ON
01/08/20,03:18,11.0,49.6,ON
01/08/20,03:24,11.1,49.7,ON
01/08/20,03:28,11.0,49.4,ON
01/08/20,03:31,11.1,49.6,ON
01/08/20,03:32,11.0,49.1,ON
01/08/20,03:34,11.0,49.1,ON
01/08/20,03:34,11.0,49.9,ON
01/08/20,03:36,11.0,49.6,ON
01/08/20,03:38,10.9,48.9,ON
01/08/20,03:40,11.0,49.7,ON
01/08/20,03:48,11.0,49.5,ON
01/08/20,03:52,11.0,48.8,ON
01/08/20,03:58,11.0,49.3,ON
01/08/20,04:37,11.0,48.4,ON
01/08/20,08:21,10.5,45.4,ON
01/08/20,09:03,10.5,46.6,ON
01/08/20,09:05,10.5,46.5,ON
01/08/20,09:31,10.4,46.4,ON
01/08/20,23:55,16.7,28.4,OFF
01/10/20,11:59,16.8,29.0,OFF
01/10/20,12:00,16.9,29.2,ON
01/10/20,12:01,17.0,29.3,ON
01/10/20,12:02,17.0,29.3,ON
01/10/20,12:03,17.2,29.3,ON
01/10/20,12:04,17.3,29.3,ON
01/10/20,12:05,17.3,29.7,ON
01/10/20,12:06,17.3,29.2,ON
01/10/20,12:07,17.2,29.9,ON
01/10/20,12:08,17.3,29.0,ON
01/10/20,12:09,17.2,29.8,ON
01/10/20,12:10,17.2,29.1,ON
01/10/20,12:11,17.1,29.7,ON
01/10/20,12:12,17.2,29.8,ON
01/10/20,12:13,17.1,29.0,ON
01/10/20,12:14,17.1,29.8,ON
01/10/20,12:15,17.1,29.8,ON
01/10/20,12:16,17.1,28.9,ON
01/10/20,12:17,17.1,28.9,ON
01/10/20,12:18,17.1,28.9,ON
01/10/20,12:20,17.1,28.7,ON
01/10/20,12:21,17.1,28.7,ON
01/10/20,12:23,17.1,28.9,ON
01/10/20,12:25,17.1,28.6,ON
01/10/20,12:26,17.1,28.7,ON
01/10/20,12:28,17.1,29.5,ON
01/10/20,12:29,17.1,28.7,ON
01/10/20,12:30,17.1,28.7,ON
01/10/20,12:32,17.2,28.6,ON
01/10/20,12:34,17.2,28.7,ON
01/10/20,12:35,17.1,28.7,ON
01/10/20,12:36,17.1,28.7,ON
01/10/20,12:38,17.1,29.4,ON
01/10/20,12:39,17.1,28.7,ON
01/10/20,12:42,17.2,28.6,ON
01/10/20,12:44,17.2,28.7,ON
01/10/20,12:53,17.2,29.3,ON
01/10/20,12:54,17.1,28.9,ON
01/10/20,12:55,17.1,29.9,ON
01/10/20,12:57,17.2,28.9,ON
01/10/20,12:59,17.2,28.9,ON
01/10/20,13:02,17.2,28.8,ON
01/10/20,13:06,17.3,28.8,ON
01/10/20,13:12,17.3,29.2,ON
01/10/20,13:26,17.3,29.1,ON
01/10/20,13:29,17.2,29.3,ON
01/10/20,13:35,17.3,30.2,ON
01/10/20,13:38,17.3,30.1,ON
01/10/20,13:39,17.3,29.6,ON
01/10/20,13:55,17.4,30.3,ON
01/10/20,14:01,17.3,30.0,ON
01/10/20,14:04,17.4,30.5,ON
01/10/20,14:10,17.3,30.0,ON
01/10/20,14:20,17.3,30.2,ON
01/10/20,14:24,17.3,30.8,ON
01/10/20,14:37,17.3,30.8,ON
01/10/20,14:43,17.4,30.7,ON
01/10/20,14:45,17.4,30.6,ON
01/10/20,14:46,17.4,30.7,ON
01/10/20,14:47,17.4,31.2,ON
01/10/20,14:51,17.3,31.4,ON
01/10/20,14:55,17.4,30.8,ON
01/10/20,14:59,17.4,30.7,ON
01/10/20,15:05,17.4,31.4,ON
01/10/20,15:14,17.4,31.0,ON
01/10/20,15:18,17.4,31.2,ON
01/10/20,15:23,17.4,31.6,ON
01/10/20,15:24,17.5,31.6,ON
01/10/20,15:25,17.4,32.4,ON
01/10/20,15:27,17.5,31.1,ON
01/10/20,15:28,17.5,31.8,ON
01/10/20,15:29,17.4,31.7,ON
01/10/20,15:33,17.4,31.6,ON
01/10/20,15:39,17.5,31.3,ON
01/10/20,15:59,17.6,32.1,ON
01/10/20,16:34,18.0,33.6,ON
01/10/20,17:45,17.8,34.5,ON
01/10/20,17:56,17.8,33.4,ON
01/10/20,17:58,17.8,34.4,ON
01/10/20,19:06,18.0,34.9,ON
01/10/20,19:23,18.0,34.5,ON
01/10/20,20:24,20.4,41.0,OFF
01/10/20,20:32,20.6,40.1,OFF
01/10/20,20:30,20.4,41.1,OFF
01/10/20,21:13,20.5,41.1,OFF
01/10/20,21:14,20.5,40.9,OFF
01/10/20,21:15,20.4,40.7,OFF
01/10/20,21:16,20.4,40.7,OFF
01/10/20,21:17,20.3,40.8,OFF
01/10/20,21:18,20.1,40.9,OFF
01/10/20,21:19,20.1,40.9,OFF
01/10/20,21:20,20.0,40.9,OFF
01/10/20,21:21,19.9,40.9,OFF
01/10/20,21:22,19.9,40.9,OFF
01/10/20,21:23,19.9,40.9,OFF
01/10/20,21:24,19.8,40.8,OFF
01/10/20,21:25,19.8,40.9,OFF
01/10/20,21:26,19.7,40.8,OFF
01/10/20,21:27,19.6,40.6,OFF
01/10/20,21:28,19.6,40.6,OFF
01/10/20,21:29,19.6,40.6,OFF
01/10/20,21:30,19.6,40.6,OFF
01/10/20,21:31,19.5,40.5,OFF
01/10/20,21:32,19.5,40.5,OFF
01/10/20,21:33,19.5,40.5,OFF
01/10/20,21:34,19.5,40.5,OFF
01/10/20,21:35,19.4,40.3,OFF
01/10/20,21:36,19.4,40.3,OFF
01/10/20,21:37,19.4,40.2,OFF
01/10/20,21:38,19.4,40.1,OFF
01/10/20,21:39,19.4,40.1,OFF
01/10/20,21:40,19.4,40.1,OFF
01/10/20,21:41,19.3,39.9,OFF
01/10/20,21:42,19.3,39.9,OFF
01/10/20,21:43,19.3,39.9,OFF
01/10/20,21:44,19.3,39.8,OFF
01/10/20,21:45,19.3,39.8,OFF
01/10/20,21:46,19.3,39.7,OFF
01/10/20,21:47,19.3,39.7,OFF
01/10/20,21:48,19.3,39.6,OFF
01/10/20,21:49,19.3,39.6,OFF
01/10/20,21:50,19.3,39.6,OFF
01/10/20,21:51,19.2,39.5,OFF
01/10/20,21:52,19.2,39.5,OFF
01/10/20,21:53,19.2,39.5,OFF
01/10/20,21:54,19.2,39.4,OFF
01/10/20,21:55,19.2,39.3,OFF
01/10/20,21:56,19.2,39.4,OFF
01/10/20,21:57,19.2,39.3,OFF
01/10/20,21:58,19.2,39.3,OFF
01/10/20,21:59,19.2,39.3,OFF
01/10/20,22:00,19.2,39.2,OFF
01/10/20,22:01,19.2,39.2,OFF
01/10/20,22:02,19.1,39.1,OFF
01/10/20,22:03,19.1,39.1,OFF
01/10/20,22:04,19.1,39.1,OFF
01/10/20,22:05,19.1,39.0,OFF
01/10/20,22:06,19.1,39.0,OFF
01/10/20,22:07,19.1,39.0,OFF
01/10/20,22:08,19.1,39.0,OFF
01/10/20,22:09,19.1,39.0,OFF
01/10/20,22:10,19.1,39.0,OFF
01/10/20,22:11,19.1,39.0,OFF
01/10/20,22:12,19.0,38.9,OFF
01/10/20,22:13,19.1,38.9,OFF
01/10/20,22:14,19.1,38.9,OFF
01/10/20,22:15,19.1,38.8,OFF
01/10/20,22:16,19.1,38.8,OFF
01/10/20,22:17,19.1,38.7,OFF
01/10/20,22:18,19.1,38.7,OFF
01/10/20,22:19,19.1,38.7,OFF
01/10/20,22:20,19.1,38.7,OFF
01/10/20,22:21,19.0,38.7,OFF
01/10/20,22:22,19.1,38.7,OFF
01/10/20,22:23,19.1,38.6,OFF
01/10/20,22:24,19.1,38.7,OFF
01/10/20,22:25,19.1,38.7,OFF
01/10/20,22:26,19.0,38.7,OFF
01/10/20,22:27,19.0,38.6,OFF
01/10/20,22:28,19.0,38.5,OFF
01/10/20,22:29,19.1,38.6,OFF
01/10/20,22:30,19.1,38.6,OFF
01/10/20,22:31,19.0,38.5,OFF
01/10/20,22:32,19.0,38.5,OFF
01/10/20,22:33,19.0,38.5,OFF
01/10/20,22:34,19.0,38.5,OFF
01/10/20,22:35,19.0,38.5,OFF
01/10/20,22:36,19.0,38.5,OFF
01/10/20,22:37,19.0,38.4,OFF
01/10/20,22:38,19.0,38.5,OFF
01/10/20,22:39,19.0,38.4,OFF
01/10/20,22:40,19.0,38.4,OFF
01/10/20,22:41,19.0,38.4,OFF
01/10/20,22:42,19.0,38.4,OFF
01/10/20,22:43,19.0,38.4,OFF
01/10/20,22:44,19.0,38.4,OFF
01/10/20,22:45,19.0,38.4,OFF
01/10/20,22:46,19.0,38.4,OFF
01/10/20,22:47,19.0,38.4,OFF
01/10/20,22:48,19.0,38.3,OFF
01/10/20,22:49,19.0,38.3,OFF
01/10/20,22:50,19.0,38.4,OFF
01/10/20,22:51,19.0,38.4,OFF
01/10/20,22:52,19.0,38.4,OFF
01/10/20,22:53,19.0,38.5,OFF
01/10/20,22:54,19.0,38.4,OFF
01/10/20,22:55,19.0,38.4,OFF
01/10/20,22:56,19.0,38.4,OFF
01/10/20,22:57,19.1,38.4,OFF
01/10/20,22:58,19.0,38.4,OFF
01/10/20,22:59,19.0,38.4,OFF
01/10/20,23:00,19.0,38.4,OFF
01/10/20,23:01,19.0,38.4,OFF
01/10/20,23:02,19.0,38.4,OFF
01/10/20,23:03,19.0,38.4,OFF
01/10/20,23:04,19.0,38.4,OFF
01/10/20,23:05,19.0,38.4,OFF
01/10/20,23:06,19.0,38.4,OFF
01/10/20,23:07,19.0,38.4,OFF
01/10/20,23:08,19.0,38.4,OFF
01/10/20,23:09,19.0,38.4,OFF
01/10/20,23:10,19.0,38.4,OFF
01/10/20,23:11,19.0,38.4,OFF
01/10/20,23:12,19.0,38.4,OFF
01/10/20,23:13,19.0,38.3,OFF
01/10/20,23:14,19.0,38.4,OFF
01/10/20,23:15,19.0,38.4,OFF
01/10/20,23:16,19.0,38.4,OFF
01/10/20,23:17,19.0,38.4,OFF
01/10/20,23:18,19.0,38.4,OFF
01/10/20,23:19,19.1,38.4,OFF
01/10/20,23:20,19.0,38.4,OFF
01/10/20,23:21,19.0,38.4,OFF
01/10/20,23:22,19.0,38.4,OFF
01/10/20,23:23,19.0,38.4,OFF
01/10/20,23:24,19.0,38.4,OFF
01/10/20,23:25,19.0,38.4,OFF
01/10/20,23:26,19.0,38.3,OFF
01/10/20,23:27,19.0,38.3,OFF
01/10/20,23:28,19.0,38.3,OFF
01/10/20,23:29,19.1,39.5,OFF
01/10/20,23:30,18.6,41.6,OFF
01/10/20,23:31,18.5,41.6,OFF
01/10/20,23:32,18.3,42.6,OFF
01/10/20,23:33,18.1,43.1,OFF
01/10/20,23:34,17.9,44.2,OFF
01/10/20,23:35,17.9,44.2,OFF
01/10/20,23:36,17.9,44.6,OFF
01/10/20,23:37,18.3,45.1,OFF
01/10/20,23:39,18.7,44.7,OFF
01/10/20,23:39,18.7,44.7,OFF
01/10/20,23:40,18.7,44.6,OFF
01/10/20,23:41,18.8,44.5,OFF
01/10/20,23:42,19.0,45.0,OFF
01/10/20,23:43,19.0,18.8,OFF
01/10/20,23:44,19.1,44.3,OFF
01/10/20,23:45,19.1,44.4,OFF
01/10/20,23:46,19.2,44.3,OFF
01/10/20,23:47,19.2,44.4,OFF
01/10/20,23:48,19.3,44.4,OFF
01/10/20,23:49,19.3,44.6,OFF
01/10/20,23:50,19.3,44.6,OFF
01/10/20,23:51,19.3,44.7,OFF
01/10/20,23:52,19.3,44.7,OFF
01/10/20,23:53,19.3,44.7,OFF
01/10/20,23:54,19.3,44.9,OFF
01/10/20,23:55,19.4,45.1,OFF
01/10/20,23:56,19.4,45.1,OFF
01/10/20,23:57,19.4,45.1,OFF
01/10/20,23:58,19.4,45.1,OFF
01/10/20,23:59,19.4,45.2,OFF
01/11/20,00:00,19.5,45.4,OFF
01/11/20,00:01,19.4,45.4,ON
01/11/20,00:02,19.5,45.5,ON
01/11/20,00:03,19.5,45.5,ON
01/11/20,00:04,19.4,45.4,ON
01/11/20,00:05,19.5,46.0,ON
01/11/20,00:06,19.5,45.5,ON
01/11/20,00:07,19.5,45.1,ON
01/11/20,00:11,19.6,45.0,ON
01/11/20,00:12,19.6,45.5,ON
01/11/20,00:14,19.6,44.9,ON
01/11/20,00:16,19.6,44.9,ON
01/11/20,00:17,19.6,46.1,ON
01/11/20,00:19,19.6,44.8,ON
01/11/20,00:25,19.7,44.9,ON
01/11/20,00:27,19.6,44.9,ON
01/11/20,00:28,19.7,45.1,ON
01/11/20,00:36,19.8,44.9,ON
01/11/20,00:38,19.8,45.0,ON
01/11/20,00:40,19.8,45.0,ON
01/11/20,00:48,19.8,45.8,ON
01/11/20,00:49,19.8,45.4,ON
01/11/20,00:54,19.7,45.5,ON
01/11/20,01:21,19.8,45.8,ON
01/11/20,01:25,19.7,46.2,ON
01/11/20,01:27,19.7,47.3,ON
01/11/20,01:28,19.7,47.5,ON
01/11/20,01:38,19.7,46.8,ON
01/11/20,01:50,19.5,45.9,ON
01/11/20,01:51,19.5,46.9,ON
01/11/20,01:54,19.4,45.4,ON
01/11/20,02:40,19.2,44.1,ON
01/11/20,02:56,19.2,43.9,ON
01/11/20,03:02,19.2,42.9,ON
01/11/20,03:22,19.1,42.4,ON
01/11/20,03:27,19.1,42.4,ON
01/11/20,03:28,19.2,42.9,ON
01/11/20,03:29,19.1,43.0,ON
01/11/20,03:35,19.1,42.4,ON
01/11/20,03:36,19.1,42.9,ON
01/11/20,03:37,19.1,43.1,ON
01/11/20,03:50,19.1,42.2,ON
01/11/20,04:03,19.1,42.7,ON
01/11/20,04:35,19.1,41.9,ON
01/11/20,04:38,19.0,41.9,ON
01/11/20,05:03,19.1,42.4,ON
01/11/20,07:28,19.3,43.1,ON
01/11/20,07:51,19.3,42.4,ON
01/11/20,08:31,19.4,42.3,ON
01/11/20,08:32,19.4,42.8,ON
01/11/20,08:39,19.3,42.8,ON
01/11/20,08:39,19.3,43.7,ON
01/11/20,13:48,20.3,48.2,ON
01/11/20,17:04,20.9,49.0,ON
01/11/20,17:19,20.9,48.3,ON
01/11/20,17:19,21.0,48.1,ON
01/11/20,23:56,23.0,49.5,OFF
01/12/20,00:12,23.0,48.6,ON
01/12/20,00:20,22.9,49.5,ON
01/12/20,00:51,23.0,48.7,ON
01/12/20,02:03,22.3,51.3,ON
01/12/20,03:27,22.2,52.0,ON
01/12/20,07:34,22.8,51.4,ON
01/12/20,09:57,22.6,52.7,ON
01/12/20,10:08,22.6,53.5,ON
01/12/20,12:21,22.7,52.3,ON
01/12/20,13:27,23.0,52.3,ON
01/12/20,13:28,23.0,52.0,ON
01/12/20,13:46,22.8,51.5,ON
01/12/20,13:51,22.7,51.4,ON
01/12/20,16:12,23.4,52.3,ON
01/12/20,12:06,21.5,42.2,OFF
01/13/20,11:50,21.7,42.0,ON
01/13/20,11:51,21.7,41.7,ON
01/13/20,11:52,21.7,41.2,ON
01/13/20,11:53,21.7,41.4,ON
01/13/20,11:54,21.8,41.5,ON
01/13/20,11:55,21.9,41.7,ON
01/13/20,11:56,21.9,41.7,ON
01/13/20,12:00,21.9,40.3,ON
01/13/20,12:01,21.9,40.1,ON
01/13/20,12:02,21.9,40.4,ON
01/13/20,12:03,21.9,40.7,ON
01/13/20,12:04,21.9,40.4,ON
01/13/20,12:08,22.1,39.8,ON
01/13/20,12:10,22.1,40.2,ON
01/13/20,12:42,22.6,39.5,OFF
01/13/20,12:43,22.6,39.9,ON
01/13/20,12:44,22.7,40.1,ON
01/13/20,12:45,22.7,40.1,ON
01/13/20,12:46,22.7,40.2,ON
01/13/20,12:47,22.7,40.9,ON
01/13/20,12:48,22.6,40.1,ON
01/13/20,12:49,22.6,40.7,ON
01/13/20,12:50,22.5,39.7,ON
01/13/20,12:51,22.5,40.7,ON
01/13/20,12:52,22.5,39.4,ON
01/13/20,12:53,22.5,39.5,ON
01/13/20,12:54,22.5,39.5,ON
01/13/20,12:55,22.5,40.0,ON
01/13/20,12:56,22.5,39.5,ON
01/13/20,12:57,22.7,39.5,ON
01/13/20,12:58,22.6,39.9,ON
01/13/20,12:59,22.7,39.5,ON
01/13/20,13:00,22.6,39.7,ON
01/13/20,13:07,22.7,38.9,ON
01/13/20,13:08,22.6,39.2,ON
01/13/20,13:14,22.4,39.6,ON
01/13/20,13:15,22.4,40.0,ON
01/13/20,13:19,22.2,39.9,ON
01/13/20,13:20,22.2,40.3,ON
01/13/20,13:22,22.0,40.1,ON
01/13/20,13:25,22.0,40.2,ON
01/13/20,13:32,22.1,41.0,OFF
01/13/20,13:32,22.0,40.9,ON
01/13/20,13:33,22.0,41.1,ON
01/13/20,13:34,22.0,41.1,ON
01/13/20,13:35,22.0,41.2,ON
01/13/20,13:36,21.8,41.1,ON
01/13/20,13:37,21.8,41.5,ON
01/13/20,13:38,21.7,41.7,ON
01/13/20,13:41,21.7,42.5,ON
01/13/20,13:42,21.6,41.6,ON
01/13/20,13:46,21.8,41.5,ON
01/13/20,13:47,21.7,40.8,ON
01/13/20,13:48,21.6,40.9,ON
01/13/20,13:50,21.6,40.9,ON
01/13/20,13:51,21.6,41.6,ON
01/13/20,13:52,21.6,42.0,ON
01/13/20,13:53,21.5,42.2,ON
01/13/20,14:00,22.2,39.9,ON
01/13/20,14:02,22.3,39.6,ON
01/13/20,14:08,22.5,38.9,ON
01/13/20,14:16,22.7,38.7,ON
01/13/20,14:21,22.6,39.2,ON
01/13/20,14:29,22.8,42.5,ON
01/13/20,14:32,22.8,43.3,ON
01/13/20,14:37,22.6,44.1,ON
01/13/20,14:42,22.5,45.8,ON
01/13/20,15:00,22.3,44.2,ON
01/13/20,15:02,22.2,44.2,ON
01/13/20,15:11,22.3,44.0,ON
01/13/20,15:17,22.2,44.5,ON
01/13/20,15:25,22.2,44.1,ON
01/13/20,15:27,22.2,44.0,ON
01/13/20,15:37,22.2,43.4,ON
01/13/20,15:49,22.2,43.4,ON
01/13/20,16:12,22.1,42.4,ON
01/13/20,16:41,22.2,42.4,ON
01/13/20,16:42,22.2,41.5,ON
01/13/20,16:52,22.2,41.6,ON
01/13/20,16:57,22.2,42.0,ON
01/13/20,16:58,22.2,42.0,ON
01/13/20,17:02,21.9,42.8,ON
01/13/20,17:03,21.9,43.4,ON
01/13/20,17:04,21.8,43.2,ON
01/13/20,17:15,21.7,43.9,ON
01/13/20,17:28,21.9,44.7,ON
01/13/20,17:42,11.1,21.2,ON
01/13/20,17:52,22.1,41.6,ON
01/13/20,18:03,22.1,41.3,ON
01/13/20,18:05,22.2,41.3,ON
01/13/20,18:05,22.2,41.3,ON
01/13/20,18:53,22.3,40.7,ON
01/13/20,18:56,22.2,40.9,ON
01/13/20,18:56,22.1,40.6,ON
01/13/20,18:59,22.2,40.5,ON
01/14/20,09:14,22.1,38.6,ON
01/14/20,09:15,22.1,39.2,ON
01/14/20,09:16,22.0,40.7,ON
01/14/20,15:04,22.1,41.6,OFF
01/14/20,15:04,22.2,42.0,ON
01/14/20,15:04,22.1,41.9,ON
01/14/20,15:06,22.2,42.0,ON
01/14/20,15:07,22.2,41.7,ON
01/14/20,15:08,22.3,41.7,ON
01/14/20,15:09,22.3,41.6,ON
01/14/20,15:10,22.3,41.6,ON
01/14/20,15:11,22.3,41.4,ON
01/14/20,15:12,22.3,41.3,ON
01/14/20,15:13,22.4,41.3,ON
01/14/20,15:14,22.4,41.3,ON
01/14/20,15:15,22.4,41.3,ON
01/14/20,15:16,22.3,41.2,ON
01/14/20,15:17,22.4,41.2,ON
01/14/20,15:18,22.4,41.2,ON
01/14/20,15:19,22.4,41.2,ON
01/14/20,15:20,22.4,41.1,ON
01/14/20,15:21,22.4,41.0,ON
01/14/20,15:22,22.4,41.0,ON
01/14/20,15:23,22.4,41.0,ON
01/14/20,15:24,22.4,40.9,ON
01/14/20,15:25,22.4,40.9,ON
01/14/20,15:26,22.4,40.8,ON
01/14/20,15:27,22.4,40.8,ON
01/14/20,15:28,22.4,40.7,ON
01/14/20,15:29,22.4,40.7,ON
01/14/20,15:30,22.4,40.8,ON
01/14/20,15:31,22.4,40.8,ON
01/14/20,15:32,22.4,40.8,ON
01/14/20,15:33,22.4,40.8,ON
01/14/20,15:34,22.4,40.7,ON
01/14/20,15:35,22.4,40.7,ON
01/14/20,15:36,22.4,40.6,ON
01/14/20,15:37,22.4,40.5,ON
01/14/20,15:38,22.4,40.6,ON
01/14/20,15:39,22.4,40.5,ON
01/14/20,15:40,22.4,40.5,ON
01/14/20,15:41,22.4,40.5,ON
01/14/20,15:42,22.4,40.5,ON
01/14/20,15:43,22.5,40.6,ON
01/14/20,15:44,22.4,40.5,ON
01/14/20,15:45,22.5,40.5,ON
01/14/20,15:46,22.5,40.5,ON
01/14/20,15:47,22.5,40.5,ON
01/14/20,15:48,22.5,40.5,ON
01/14/20,15:49,22.5,40.4,ON
01/14/20,15:50,22.5,40.4,ON
01/14/20,15:51,22.5,40.3,ON
01/14/20,15:52,22.6,40.4,ON
01/14/20,15:53,22.5,40.4,ON
01/14/20,15:54,22.5,40.3,ON
01/14/20,15:55,22.5,40.3,ON
01/14/20,15:56,22.6,40.4,ON
01/14/20,15:57,22.5,40.3,ON
01/14/20,15:58,22.6,40.4,ON
01/14/20,15:59,22.6,40.3,ON
01/14/20,16:00,22.6,40.3,ON
01/14/20,16:01,22.6,40.3,ON
01/14/20,16:02,22.6,40.3,ON
01/14/20,16:03,22.6,40.3,ON
01/14/20,16:04,22.6,40.3,ON
01/14/20,16:05,22.6,40.3,ON
01/14/20,16:06,22.6,40.3,ON
01/14/20,16:07,22.6,40.3,ON
01/14/20,16:08,22.6,40.3,ON
01/14/20,16:09,22.6,40.3,ON
01/14/20,16:10,22.6,40.3,ON
01/14/20,16:11,22.7,40.3,ON
01/14/20,16:12,22.6,40.3,ON
01/14/20,16:13,22.7,40.3,ON
01/14/20,16:14,22.7,40.4,ON
01/14/20,16:15,22.7,40.4,ON
01/14/20,16:16,22.7,40.4,ON
01/14/20,16:17,22.7,40.5,ON
01/14/20,16:18,22.7,40.4,ON
01/14/20,16:19,22.7,40.5,ON
01/14/20,16:20,22.7,40.5,ON
01/14/20,16:21,22.7,40.5,ON
01/14/20,16:22,22.7,40.5,ON
01/14/20,16:23,22.7,40.5,ON
01/14/20,16:24,22.7,40.5,ON
01/14/20,16:25,22.7,40.5,ON
01/14/20,16:26,22.8,40.5,ON
01/14/20,16:27,22.7,40.5,ON
01/14/20,16:28,22.8,40.5,ON
01/14/20,16:29,22.8,40.5,ON
01/14/20,16:30,22.8,40.5,ON
01/14/20,16:31,22.8,40.4,ON
01/14/20,16:32,22.8,40.4,ON
01/14/20,16:33,22.8,40.5,ON
01/14/20,16:34,22.8,40.5,ON
01/14/20,16:35,22.8,40.5,ON
01/14/20,16:36,22.8,40.4,ON
01/14/20,16:37,22.8,40.4,ON
01/14/20,16:38,22.8,40.5,ON
01/14/20,16:39,22.8,40.4,ON
01/14/20,16:40,22.8,40.4,ON
01/14/20,16:41,22.8,40.3,ON
01/14/20,16:42,22.8,40.4,ON
01/14/20,16:43,22.8,40.4,ON
01/14/20,16:44,22.8,40.4,ON
01/14/20,16:45,22.8,40.3,ON
01/14/20,16:46,22.8,40.3,ON
01/14/20,16:47,22.8,40.3,ON
01/14/20,16:48,22.8,40.3,ON
01/14/20,16:49,22.8,40.3,ON
01/14/20,16:50,22.8,40.3,ON
01/14/20,16:51,22.8,40.3,ON
01/14/20,16:52,22.8,40.3,ON
01/14/20,16:53,22.8,40.3,ON
01/14/20,16:54,22.8,40.4,ON
01/14/20,16:55,22.8,40.3,ON
01/14/20,16:56,22.8,40.3,ON
01/14/20,16:57,22.8,40.3,ON
01/14/20,16:58,22.8,40.2,ON
01/14/20,16:59,22.8,40.3,ON
01/14/20,17:00,22.8,40.2,ON
01/14/20,17:01,22.8,40.1,ON
01/14/20,17:02,22.8,40.1,ON
01/14/20,17:03,22.8,40.2,ON
01/14/20,17:04,22.8,40.1,ON
01/14/20,17:05,22.8,40.1,ON
01/14/20,17:06,22.8,40.1,ON
01/14/20,17:07,22.8,40.1,ON
01/14/20,17:08,22.8,40.1,ON
01/14/20,17:09,22.8,40.0,ON
01/14/20,17:10,22.8,40.0,ON
01/14/20,17:11,22.8,40.0,ON
01/14/20,17:12,22.8,40.0,ON
01/14/20,17:13,22.8,40.1,ON
01/14/20,17:14,22.8,40.0,ON
01/14/20,17:15,22.8,40.0,ON
01/14/20,17:16,22.8,40.0,ON
01/14/20,17:17,22.7,39.9,ON
01/14/20,17:18,22.7,39.9,ON
01/14/20,17:19,22.7,39.9,ON
01/14/20,17:20,22.7,39.9,ON
01/14/20,17:21,22.7,39.9,ON
01/14/20,17:22,22.7,39.9,ON
01/14/20,17:23,22.7,39.9,ON
01/14/20,17:24,22.7,39.9,ON
01/14/20,17:25,22.7,39.9,ON
01/14/20,17:26,22.7,39.8,ON
01/14/20,17:27,22.8,39.9,ON
01/14/20,17:28,22.7,39.8,ON
01/14/20,17:29,22.7,39.8,ON
01/14/20,17:30,22.7,39.9,ON
01/14/20,17:31,22.7,39.8,ON
01/14/20,17:32,22.7,39.8,ON
01/14/20,17:33,22.7,39.8,ON
01/14/20,17:34,22.7,39.8,ON
01/14/20,17:35,22.7,39.8,ON
01/14/20,17:36,22.7,39.8,ON
01/14/20,17:37,22.7,39.8,ON
01/14/20,17:38,22.7,39.8,ON
01/14/20,17:39,22.7,39.8,ON
01/14/20,17:40,22.7,39.8,ON
01/14/20,17:41,22.7,39.8,ON
01/14/20,17:42,22.7,39.8,ON
01/14/20,17:43,22.7,39.8,ON
01/14/20,17:44,22.7,39.7,ON
01/14/20,17:45,22.7,39.6,ON
01/14/20,17:46,22.6,39.6,ON
01/14/20,17:47,22.7,39.7,ON
01/14/20,17:48,22.7,39.6,ON
01/14/20,17:49,22.6,39.6,ON
01/14/20,17:50,22.7,39.6,ON
01/14/20,17:51,22.7,39.7,ON
01/14/20,17:52,22.6,39.6,ON
01/14/20,17:53,22.7,39.7,ON
01/14/20,17:54,22.7,39.7,ON
01/14/20,17:55,22.7,39.7,ON
01/14/20,17:56,22.7,40.0,ON
01/14/20,17:57,22.7,39.7,ON
01/14/20,17:58,22.7,39.7,ON
01/14/20,17:59,22.7,39.6,ON
01/14/20,18:00,22.7,39.6,ON
01/14/20,18:01,22.7,39.6,ON
01/14/20,18:02,22.7,39.6,ON
01/14/20,18:03,22.7,39.6,ON
01/14/20,18:04,22.7,39.6,ON
01/14/20,18:05,22.7,39.6,ON
01/14/20,18:06,22.8,39.6,ON
01/14/20,18:07,22.7,39.5,ON
01/14/20,18:08,22.7,39.6,ON
01/14/20,18:09,22.7,39.6,ON
01/14/20,18:10,22.8,39.6,ON
01/14/20,18:11,22.8,39.5,ON
01/14/20,18:12,22.8,39.5,ON
01/14/20,18:13,22.8,39.5,ON
01/14/20,18:14,22.8,39.5,ON
01/14/20,18:15,22.8,39.5,ON
01/14/20,18:16,22.8,39.5,ON
01/14/20,18:17,22.8,39.6,ON
01/14/20,18:18,22.8,39.6,ON
01/14/20,18:19,22.8,40.2,ON
01/14/20,18:20,22.8,39.5,ON
01/14/20,18:21,22.8,39.5,ON
01/14/20,18:22,22.9,39.5,ON
01/14/20,18:23,22.9,39.5,ON
01/14/20,18:24,22.8,39.5,ON
01/14/20,18:25,22.9,39.5,ON
01/14/20,18:26,22.8,39.5,ON
01/14/20,18:27,22.9,39.6,ON
01/14/20,18:28,22.9,39.5,ON
01/14/20,18:29,22.9,39.5,ON
01/14/20,18:30,22.9,39.5,ON
01/14/20,18:31,22.9,39.6,ON
01/14/20,18:32,22.9,39.6,ON
01/14/20,18:33,23.0,39.7,ON
01/14/20,18:34,22.9,39.6,ON
01/14/20,18:35,22.9,39.6,ON
01/14/20,18:36,23.0,39.6,ON
01/14/20,18:37,22.9,39.6,ON
01/14/20,18:38,22.9,39.6,ON
01/14/20,18:39,23.0,39.6,ON
01/14/20,18:40,23.0,39.6,ON
01/14/20,18:41,23.0,39.6,ON
01/14/20,18:42,23.0,39.6,ON
01/14/20,18:43,23.0,39.6,ON
01/14/20,18:44,22.9,39.5,ON
01/14/20,18:45,22.9,39.5,ON
01/14/20,18:46,23.0,39.6,ON
01/14/20,18:47,23.0,39.6,ON
01/14/20,18:48,23.0,40.0,ON
01/14/20,18:49,23.0,39.5,ON
01/14/20,18:50,23.0,39.5,ON
01/14/20,18:51,23.0,39.5,ON
01/14/20,18:52,23.0,39.5,ON
01/14/20,18:53,23.0,39.4,ON
01/14/20,18:54,23.0,39.4,ON
01/14/20,18:55,23.0,39.4,ON
01/14/20,18:56,23.0,39.4,ON
01/14/20,18:57,23.0,39.6,ON
01/14/20,18:58,23.0,39.4,ON
01/14/20,18:59,23.0,39.4,ON
01/14/20,19:00,23.0,39.4,ON
01/14/20,19:01,23.0,39.4,ON
01/14/20,19:02,23.0,39.3,ON
01/14/20,19:03,23.0,39.4,ON
01/14/20,19:04,23.0,39.4,ON
01/14/20,19:05,23.0,39.3,ON
01/14/20,19:06,23.0,39.3,ON
01/14/20,19:07,23.0,39.3,ON
01/14/20,19:08,22.9,39.3,ON
01/14/20,19:09,23.0,39.3,ON
01/14/20,19:10,23.0,39.3,ON
01/14/20,19:11,23.0,39.3,ON
01/14/20,19:12,23.0,39.3,ON
01/14/20,19:13,23.0,39.3,ON
01/14/20,19:14,22.9,39.2,ON
01/14/20,19:15,22.9,39.2,ON
01/14/20,19:16,23.0,39.3,ON
01/14/20,19:17,22.9,39.2,ON
01/14/20,19:18,22.9,39.2,ON
01/14/20,19:19,22.9,39.2,ON
01/14/20,19:20,22.9,39.2,ON
01/14/20,19:21,22.9,39.2,ON
01/14/20,19:22,22.9,39.1,ON
01/14/20,19:23,22.9,39.1,ON
01/14/20,19:24,22.9,39.2,ON
01/14/20,19:25,22.9,39.2,ON
01/14/20,19:26,22.9,39.2,ON
01/14/20,19:27,22.9,39.1,ON
01/14/20,19:28,22.9,39.1,ON
01/14/20,19:29,22.9,39.1,ON
01/14/20,19:30,22.9,39.1,ON
01/14/20,19:31,22.9,39.1,ON
01/14/20,19:32,22.9,39.1,ON
01/14/20,19:33,22.9,39.1,ON
01/14/20,19:34,22.9,39.1,ON
01/14/20,19:35,22.9,39.1,ON
01/14/20,19:36,22.9,39.1,ON
01/14/20,19:37,22.9,39.0,ON
01/14/20,19:38,22.9,39.1,ON
01/14/20,19:39,22.9,39.1,ON
01/14/20,19:40,22.8,39.0,ON
01/14/20,19:41,22.8,39.0,ON
01/14/20,19:42,22.8,39.0,ON
01/14/20,19:43,22.8,39.0,ON
01/14/20,19:44,22.8,39.0,ON
01/14/20,19:45,22.8,38.9,ON
01/14/20,19:46,22.8,39.0,ON
01/14/20,19:47,22.8,39.0,ON
01/14/20,19:48,22.8,38.9,ON
01/14/20,19:49,22.8,38.9,ON
01/14/20,19:50,22.8,38.9,ON
01/14/20,19:51,22.8,38.9,ON
01/14/20,19:52,22.8,38.9,ON
01/14/20,19:53,22.8,38.9,ON
01/14/20,19:54,22.8,38.9,ON
01/14/20,19:55,22.8,38.9,ON
01/14/20,19:56,22.8,38.9,ON
01/14/20,19:57,22.8,38.9,ON
01/14/20,19:58,22.8,38.9,ON
01/14/20,19:59,22.8,38.9,ON
01/14/20,20:00,22.8,38.9,ON
01/14/20,20:01,22.7,38.8,OFF
01/14/20,20:02,22.8,38.8,OFF
01/14/20,20:03,22.7,38.9,OFF
01/14/20,20:04,22.7,38.9,OFF
01/14/20,20:05,22.8,39.0,OFF
01/14/20,20:06,22.8,38.9,OFF
01/14/20,20:07,22.8,38.9,OFF
01/14/20,20:08,22.8,38.8,OFF
01/14/20,20:09,22.8,38.9,OFF
01/14/20,20:10,22.8,38.8,OFF
01/14/20,20:11,22.8,38.9,OFF
01/14/20,20:12,22.8,38.9,OFF
01/14/20,20:13,22.8,38.9,OFF
01/14/20,20:14,22.8,38.8,OFF
01/14/20,20:15,22.8,38.9,OFF
01/14/20,20:16,22.8,38.9,OFF
01/14/20,20:17,22.8,38.8,OFF
01/14/20,20:18,22.8,38.8,OFF
01/14/20,20:19,22.8,39.6,OFF
01/14/20,20:20,22.8,42.3,OFF
01/14/20,20:21,22.9,40.8,OFF
01/14/20,20:22,23.1,39.8,OFF
01/14/20,20:23,23.1,39.8,OFF
01/14/20,20:24,23.1,39.3,OFF
01/14/20,20:25,23.1,39.4,OFF
01/14/20,20:26,23.2,39.3,OFF
01/14/20,20:27,23.2,39.2,OFF
01/14/20,20:28,23.2,39.3,OFF
01/14/20,20:29,23.2,39.1,OFF
01/14/20,20:30,23.3,39.3,OFF
01/14/20,20:31,23.3,39.2,OFF
01/14/20,20:32,23.3,39.3,OFF
01/14/20,20:33,23.3,39.3,OFF
01/14/20,20:34,23.3,39.4,OFF
01/14/20,20:35,23.3,39.4,OFF
01/14/20,20:36,23.4,39.7,OFF
01/14/20,20:37,23.4,39.5,OFF
01/14/20,20:38,23.4,39.5,OFF
01/14/20,20:39,23.4,39.5,OFF
01/14/20,20:40,23.4,39.5,OFF
01/14/20,20:41,23.4,39.6,OFF
01/14/20,20:42,23.4,39.6,OFF
01/14/20,20:43,23.5,39.6,OFF
01/14/20,20:44,23.5,39.6,OFF
01/14/20,20:45,23.5,39.5,OFF
01/14/20,20:46,23.6,39.7,OFF
01/14/20,20:47,23.6,39.8,OFF
01/14/20,20:48,23.6,39.6,OFF
01/14/20,20:49,23.6,39.6,OFF
01/14/20,20:50,23.7,39.5,OFF
01/14/20,20:51,23.7,39.5,OFF
01/14/20,20:52,23.7,39.5,OFF
01/14/20,20:53,23.7,39.5,OFF
01/14/20,20:54,23.7,39.4,OFF
01/14/20,20:55,23.7,39.3,OFF
01/14/20,20:56,23.7,39.4,OFF
01/14/20,20:57,23.7,39.3,OFF
01/14/20,20:58,23.7,39.2,OFF
01/14/20,20:59,23.7,39.3,OFF
01/14/20,21:00,23.7,39.3,OFF
01/14/20,21:01,23.7,39.3,OFF
01/14/20,21:02,23.7,39.3,OFF
01/14/20,21:03,23.8,39.3,OFF
01/14/20,21:04,23.7,39.2,OFF
01/14/20,21:05,23.8,39.3,OFF
01/14/20,21:06,23.8,39.2,OFF
01/14/20,21:07,23.8,39.2,OFF
01/14/20,21:08,23.8,39.2,OFF
01/14/20,21:09,23.8,39.2,OFF
01/14/20,21:10,23.8,39.4,OFF
01/14/20,21:11,23.8,39.4,OFF
01/14/20,21:12,23.8,39.4,OFF
01/14/20,21:13,23.7,39.3,OFF
01/14/20,21:14,23.6,39.4,OFF
01/14/20,21:15,23.5,39.5,OFF
01/14/20,21:16,23.5,39.7,OFF
01/14/20,21:17,23.4,39.8,OFF
01/14/20,21:18,23.3,39.8,OFF
01/14/20,21:19,23.2,39.9,OFF
01/14/20,21:20,23.0,40.0,OFF
01/14/20,21:21,23.0,40.0,OFF
01/14/20,21:22,23.0,40.1,OFF
01/14/20,21:23,23.0,40.1,OFF
01/14/20,21:24,22.9,40.1,OFF
01/14/20,21:25,22.8,40.1,OFF
01/14/20,21:26,22.8,40.1,OFF
01/14/20,21:27,22.8,40.1,OFF
01/14/20,21:28,22.8,40.0,OFF
01/14/20,21:29,22.7,40.0,OFF
01/14/20,21:30,22.7,40.0,OFF
01/14/20,21:31,22.7,40.1,OFF
01/14/20,21:32,22.6,40.1,OFF
01/14/20,21:33,22.6,39.9,OFF
01/14/20,21:34,22.6,39.9,OFF
01/14/20,21:35,22.5,39.8,OFF
01/14/20,21:36,22.6,39.9,OFF
01/14/20,21:37,22.5,39.8,OFF
01/14/20,21:38,22.5,39.8,OFF
01/14/20,21:39,22.5,39.8,OFF
01/14/20,21:40,22.5,39.7,OFF
01/14/20,21:41,22.4,39.6,OFF
01/14/20,21:42,22.4,39.6,OFF
01/14/20,21:43,22.4,39.7,OFF
01/14/20,21:44,22.4,39.6,OFF
01/14/20,21:45,22.4,39.6,OFF
01/14/20,21:46,22.4,39.6,OFF
01/14/20,21:47,22.4,39.6,OFF
01/14/20,21:54,22.3,39.4,OFF
01/14/20,21:54,22.2,39.3,OFF
01/14/20,21:55,22.3,39.2,OFF
01/14/20,21:56,22.3,39.4,OFF
01/14/20,21:57,22.2,39.3,OFF
01/14/20,21:58,22.3,39.2,OFF
01/14/20,21:59,22.2,39.2,OFF
01/14/20,22:00,22.3,39.2,OFF
01/14/20,22:01,22.2,39.2,OFF
01/14/20,22:02,22.2,39.1,OFF
01/14/20,22:03,22.2,39.0,OFF
01/14/20,22:04,22.2,39.1,OFF
01/14/20,22:05,22.2,39.1,OFF
01/14/20,22:06,22.2,39.1,OFF
01/14/20,22:07,22.2,39.1,OFF
01/14/20,22:08,22.2,39.1,OFF
01/14/20,22:09,22.2,39.1,OFF
01/14/20,22:10,22.2,39.1,OFF
01/14/20,22:11,22.2,39.0,OFF
01/14/20,22:12,22.1,39.0,OFF
01/14/20,22:13,22.1,38.8,OFF
01/14/20,22:14,22.1,38.9,OFF
01/14/20,22:15,22.1,38.9,OFF
01/14/20,22:16,22.1,38.8,OFF
01/14/20,22:17,22.1,38.8,OFF
01/14/20,22:18,22.1,38.9,OFF
01/14/20,22:19,22.1,38.8,OFF
01/14/20,22:20,22.1,38.8,OFF
01/14/20,22:21,22.1,38.8,OFF
01/14/20,22:22,22.1,38.8,OFF
01/14/20,22:23,22.0,38.7,OFF
01/14/20,22:24,22.1,38.7,OFF
01/14/20,22:25,22.0,38.7,OFF
01/14/20,22:26,22.0,38.6,OFF
01/14/20,22:27,22.0,38.7,OFF
01/14/20,22:28,22.0,38.7,OFF
01/14/20,22:29,22.0,38.6,OFF
01/14/20,22:30,22.0,38.7,OFF
01/14/20,22:31,22.0,38.7,OFF
01/14/20,22:32,22.0,38.6,OFF
01/14/20,22:33,22.0,38.7,OFF
01/14/20,22:34,22.0,38.6,OFF
01/14/20,22:35,22.0,38.7,OFF
01/14/20,22:36,22.0,38.7,OFF
01/14/20,22:37,22.1,38.8,OFF
01/14/20,22:38,22.1,38.7,OFF
01/14/20,22:39,22.2,39.3,OFF
01/14/20,22:40,22.3,39.0,OFF
01/14/20,22:41,22.2,38.8,OFF
01/14/20,22:42,22.2,38.8,OFF
01/14/20,22:43,22.2,38.8,OFF
01/14/20,22:44,22.2,38.9,OFF
01/14/20,22:45,22.1,38.9,OFF
01/14/20,22:46,22.1,39.0,OFF
01/14/20,22:47,22.1,38.9,OFF
01/14/20,22:48,22.1,38.9,OFF
01/14/20,22:49,22.0,38.9,OFF
01/14/20,22:50,22.0,38.8,OFF
01/14/20,22:51,22.0,38.8,OFF
01/14/20,22:52,22.0,38.9,OFF
01/14/20,22:53,22.0,38.8,OFF
01/14/20,22:54,22.0,38.8,OFF
01/14/20,22:55,22.0,38.8,OFF
01/14/20,22:56,22.0,38.8,OFF
01/14/20,22:57,21.9,38.8,OFF
01/14/20,22:58,21.9,38.7,OFF
01/14/20,22:59,21.9,38.7,OFF
01/14/20,23:00,21.9,38.8,OFF
01/14/20,23:01,21.9,38.8,OFF
01/14/20,23:02,21.9,38.7,OFF
01/14/20,23:03,21.9,38.7,OFF
01/14/20,23:04,21.9,38.7,OFF
01/14/20,23:05,21.9,38.6,OFF
01/14/20,23:06,21.9,38.6,OFF
01/14/20,23:07,21.9,38.7,OFF
01/14/20,23:08,21.9,38.8,OFF
01/14/20,23:09,21.9,38.5,OFF
01/14/20,23:10,21.8,38.4,OFF
01/14/20,23:11,21.8,38.5,OFF
01/14/20,23:12,21.9,38.4,OFF
01/14/20,23:13,21.8,38.4,OFF
01/14/20,23:14,21.9,38.5,OFF
01/14/20,23:15,21.8,38.4,OFF
01/14/20,23:16,21.8,38.4,OFF
01/14/20,23:17,21.8,38.3,OFF
01/14/20,23:18,21.8,38.3,OFF
01/14/20,23:19,21.8,38.3,OFF
01/14/20,23:20,21.8,38.4,OFF
01/14/20,23:21,21.9,38.3,OFF
01/14/20,23:22,21.8,38.3,OFF
01/14/20,23:23,21.8,38.3,OFF
01/14/20,23:24,21.8,38.2,OFF
01/14/20,23:25,21.8,38.3,OFF
01/14/20,23:26,21.8,38.3,OFF
01/14/20,23:27,21.8,38.3,OFF
01/14/20,23:28,21.8,38.3,OFF
01/14/20,23:29,21.8,38.2,OFF
01/14/20,23:30,21.8,38.2,OFF
01/14/20,23:31,21.8,38.3,OFF
01/14/20,23:32,21.8,38.3,OFF
01/14/20,23:33,21.8,38.2,OFF
01/14/20,23:34,21.8,38.2,OFF
01/14/20,23:35,21.7,38.1,OFF
01/14/20,23:36,21.7,38.2,OFF
01/14/20,23:37,21.8,38.2,OFF
01/14/20,23:38,21.7,38.1,OFF
01/14/20,23:39,21.8,38.2,OFF
01/14/20,23:40,21.7,38.1,OFF
01/14/20,23:41,21.8,38.1,OFF
01/14/20,23:42,21.8,38.1,OFF
01/14/20,23:43,21.7,38.0,OFF
01/14/20,23:44,21.7,38.1,OFF
01/14/20,23:45,21.7,38.0,OFF
01/14/20,23:46,21.7,38.0,OFF
01/14/20,23:47,21.7,38.1,OFF
01/14/20,23:48,21.7,38.1,OFF
01/14/20,23:49,21.7,38.0,OFF
01/14/20,23:50,21.7,38.2,OFF
01/14/20,23:51,21.7,38.2,OFF
01/14/20,23:52,21.7,38.0,OFF
01/14/20,23:53,21.7,38.1,OFF
01/14/20,23:54,21.7,38.0,OFF
01/14/20,23:55,21.7,37.9,OFF
01/14/20,23:56,21.7,38.0,OFF
01/14/20,23:57,21.7,38.1,OFF
01/14/20,23:58,21.7,38.0,OFF
01/14/20,23:59,21.7,38.1,OFF
01/15/20,00:00,21.7,38.0,OFF
01/15/20,00:01,21.6,38.1,ON
01/15/20,00:02,21.6,38.0,ON
01/15/20,00:03,21.7,38.0,ON
01/15/20,00:04,21.7,38.0,ON
01/15/20,00:05,21.6,37.9,ON
01/15/20,00:06,21.6,37.9,ON
01/15/20,00:07,21.6,38.0,ON
01/15/20,00:08,21.7,37.8,ON
01/15/20,00:09,21.7,38.0,ON
01/15/20,00:06,21.8,42.8,OFF
01/15/20,00:17,21.8,42.8,ON
01/15/20,00:18,21.8,43.2,ON
01/15/20,00:19,21.8,43.2,ON
01/15/20,00:20,21.8,43.9,ON
01/15/20,12:30,22.6,40.8,OFF
01/15/20,12:42,22.5,41.5,ON
01/15/20,12:43,22.4,41.6,ON
01/15/20,12:45,22.2,41.4,OFF
01/15/20,12:45,22.2,41.9,ON
01/15/20,12:46,22.2,41.9,ON
01/15/20,12:47,22.2,41.9,ON
01/15/20,12:48,22.2,42.0,ON
01/15/20,12:49,22.1,41.7,OFF
01/15/20,12:50,22.1,42.1,ON
01/15/20,12:51,22.1,42.2,ON
01/15/20,12:52,22.2,42.2,ON
01/15/20,12:53,22.2,42.1,ON
01/15/20,12:54,22.1,42.0,ON
01/15/20,12:55,22.1,41.9,ON
01/15/20,12:56,22.1,41.8,ON
01/15/20,12:57,22.1,41.8,ON
01/15/20,12:58,22.1,41.8,ON
01/15/20,12:59,22.1,41.8,ON
01/15/20,13:00,22.1,41.8,ON
01/15/20,13:01,22.1,41.9,ON
01/15/20,13:02,22.1,41.9,ON
01/15/20,13:03,22.1,41.9,ON
01/15/20,13:04,22.1,41.8,ON
01/15/20,13:05,22.1,41.8,ON
01/15/20,13:06,22.1,41.7,ON
01/15/20,13:07,22.1,41.9,ON
01/15/20,13:08,22.2,41.9,ON
01/15/20,13:09,22.2,41.9,ON
01/15/20,13:10,22.2,41.9,ON
01/15/20,13:11,22.2,41.8,ON
01/15/20,13:12,22.2,41.8,ON
01/15/20,13:13,22.2,41.8,ON
01/15/20,13:14,22.3,41.8,ON
01/15/20,13:15,22.3,41.7,ON
01/15/20,13:16,22.3,41.7,ON
01/15/20,13:17,22.3,41.7,ON
01/15/20,13:18,22.3,41.7,ON
01/15/20,13:19,22.3,41.6,ON
01/15/20,13:20,22.3,41.6,ON
01/15/20,13:21,22.3,41.6,ON
01/15/20,13:22,22.3,41.7,ON
01/15/20,13:23,22.3,41.6,ON
01/15/20,13:24,22.4,41.6,ON
01/15/20,13:25,22.3,41.6,ON
01/15/20,13:26,22.3,41.5,ON
01/15/20,13:27,22.4,41.6,ON
01/15/20,13:28,22.4,41.5,ON
01/15/20,13:29,22.4,41.6,ON
01/15/20,13:30,22.4,41.6,ON
01/15/20,13:31,22.4,41.5,ON
01/15/20,13:32,22.4,41.4,ON
01/15/20,13:33,22.4,41.4,ON
01/15/20,13:34,22.4,41.2,ON
01/15/20,13:35,22.4,41.2,ON
01/15/20,13:36,22.5,41.2,ON
01/15/20,13:37,22.5,41.3,ON
01/15/20,13:38,22.5,41.2,ON
01/15/20,13:39,22.5,41.3,ON
01/15/20,13:40,22.5,41.2,ON
01/15/20,13:41,22.5,41.3,ON
01/15/20,13:42,22.5,41.4,ON
01/15/20,13:43,22.5,41.5,ON
01/15/20,13:44,22.5,41.6,ON
01/15/20,13:45,22.5,41.6,ON
01/15/20,13:46,22.5,41.6,ON
01/15/20,13:47,22.6,41.5,ON
01/15/20,13:48,22.6,41.4,ON
01/15/20,13:49,22.6,41.5,ON
01/15/20,13:50,22.6,41.6,ON
01/15/20,13:51,22.5,41.5,ON
01/15/20,13:52,22.5,41.5,ON
01/15/20,13:53,22.5,41.5,ON
01/15/20,13:54,22.5,41.6,ON
01/15/20,13:55,22.5,41.6,ON
01/15/20,13:56,22.5,41.7,ON
